{"cameraMode":{"drawMode":0,"name":"Shaded","section":"Shading Mode"},"sceneLighting":true,"audioPlay":false,"sceneViewState":{"showFog":true,"showMaterialUpdate":false,"showSkybox":true,"showFlares":true,"showImageEffects":true,"showParticleSystems":true},"in2DMode":false,"pivot":{"x":3.369032859802246,"y":-16.661518096923829,"z":-3.9088144302368166},"rotation":{"x":-0.054224882274866107,"y":0.9439942240715027,"z":-0.19824515283107758,"w":-0.2581956088542938},"size":22.0,"orthographic":false}