{"cameraMode":{"drawMode":0,"name":"Shaded","section":"Shading Mode"},"sceneLighting":true,"audioPlay":false,"sceneViewState":{"showFog":true,"showMaterialUpdate":false,"showSkybox":true,"showFlares":true,"showImageEffects":true,"showParticleSystems":true},"in2DMode":false,"pivot":{"x":372.5751037597656,"y":440.7949523925781,"z":-184.85507202148438},"rotation":{"x":-0.23573917150497437,"y":0.01408005878329277,"z":-0.0034256719518452884,"w":-0.9717282056808472},"size":430.7314147949219,"orthographic":false}