{"cameraMode":{"drawMode":0,"name":"Shaded","section":"Shading Mode"},"sceneLighting":true,"audioPlay":false,"sceneViewState":{"showFog":true,"showMaterialUpdate":false,"showSkybox":true,"showFlares":true,"showImageEffects":true,"showParticleSystems":true},"in2DMode":false,"pivot":{"x":1.0217180252075196,"y":-0.3031625747680664,"z":2.0134100914001467},"rotation":{"x":-0.0026545561850070955,"y":-0.9852964282035828,"z":0.1701473742723465,"w":-0.01537409983575344},"size":10.882302284240723,"orthographic":false}