{"cameraMode":{"drawMode":0,"name":"Shaded","section":"Shading Mode"},"sceneLighting":true,"audioPlay":false,"sceneViewState":{"showFog":true,"showMaterialUpdate":false,"showSkybox":true,"showFlares":true,"showImageEffects":true,"showParticleSystems":true},"in2DMode":false,"pivot":{"x":41.90583038330078,"y":-22.605693817138673,"z":-25.16153907775879},"rotation":{"x":0.04229726642370224,"y":0.8348442316055298,"z":-0.5450535416603088,"w":0.06476562470197678},"size":43.22401809692383,"orthographic":false}