{"cameraMode":{"drawMode":0,"name":"Shaded","section":"Shading Mode"},"sceneLighting":true,"audioPlay":false,"sceneViewState":{"showFog":true,"showMaterialUpdate":false,"showSkybox":true,"showFlares":true,"showImageEffects":true,"showParticleSystems":true},"in2DMode":false,"pivot":{"x":-9.770730972290039,"y":-65.03618621826172,"z":32.84661102294922},"rotation":{"x":-0.01306687481701374,"y":-0.9075663089752197,"z":0.4187679886817932,"w":-0.0283349622040987},"size":20.005186080932618,"orthographic":false}