{"cameraMode":{"drawMode":0,"name":"Shaded","section":"Shading Mode"},"sceneLighting":true,"audioPlay":false,"sceneViewState":{"showFog":true,"showMaterialUpdate":false,"showSkybox":true,"showFlares":true,"showImageEffects":true,"showParticleSystems":true},"in2DMode":false,"pivot":{"x":269.2795715332031,"y":269.65899658203127,"z":-555.5595703125},"rotation":{"x":0.12655918300151826,"y":0.039667632430791858,"z":-0.005064272787421942,"w":0.99116450548172},"size":471.1371154785156,"orthographic":true}