{"cameraMode":{"drawMode":0,"name":"Shaded","section":"Shading Mode"},"sceneLighting":true,"audioPlay":false,"sceneViewState":{"showFog":true,"showMaterialUpdate":false,"showSkybox":true,"showFlares":true,"showImageEffects":true,"showParticleSystems":true},"in2DMode":false,"pivot":{"x":-36.21528625488281,"y":-36.98958206176758,"z":18.87740135192871},"rotation":{"x":-0.16695474088191987,"y":0.7722339630126953,"z":-0.22632695734500886,"w":-0.5702353119850159},"size":66.83702087402344,"orthographic":false}