{"cameraMode":{"drawMode":0,"name":"Shaded","section":"Shading Mode"},"sceneLighting":true,"audioPlay":false,"sceneViewState":{"showFog":true,"showMaterialUpdate":false,"showSkybox":true,"showFlares":true,"showImageEffects":true,"showParticleSystems":true},"in2DMode":false,"pivot":{"x":90.85767364501953,"y":23.8328914642334,"z":89.41181182861328},"rotation":{"x":-0.16653555631637574,"y":0.5218968391418457,"z":-0.10470743477344513,"w":-0.8300758004188538},"size":4.574073791503906,"orthographic":false}