{"cameraMode":{"drawMode":0,"name":"Shaded","section":"Shading Mode"},"sceneLighting":true,"audioPlay":false,"sceneViewState":{"showFog":true,"showMaterialUpdate":false,"showSkybox":true,"showFlares":true,"showImageEffects":true,"showParticleSystems":true},"in2DMode":false,"pivot":{"x":3.9609429836273195,"y":-47.410804748535159,"z":21.695148468017579},"rotation":{"x":0.023365093395113946,"y":-0.9342469573020935,"z":0.3503834307193756,"w":0.06232192739844322},"size":10.0,"orthographic":false}