{"cameraMode":{"drawMode":0,"name":"Shaded","section":"Shading Mode"},"sceneLighting":true,"audioPlay":false,"sceneViewState":{"showFog":true,"showMaterialUpdate":false,"showSkybox":true,"showFlares":true,"showImageEffects":true,"showParticleSystems":true},"in2DMode":false,"pivot":{"x":-0.836665153503418,"y":-50.595420837402347,"z":9.688711166381836},"rotation":{"x":-0.18328741192817689,"y":0.6688131093978882,"z":-0.175410658121109,"w":-0.6988164186477661},"size":12.567109107971192,"orthographic":false}