{"cameraMode":{"drawMode":0,"name":"Shaded","section":"Shading Mode"},"sceneLighting":true,"audioPlay":false,"sceneViewState":{"showFog":true,"showMaterialUpdate":false,"showSkybox":true,"showFlares":true,"showImageEffects":true,"showParticleSystems":true},"in2DMode":false,"pivot":{"x":24.315629959106447,"y":4.946053981781006,"z":47.88947296142578},"rotation":{"x":-0.26625779271125796,"y":-0.7315047979354858,"z":0.40917861461639407,"w":-0.4760163128376007},"size":47.961341857910159,"orthographic":false}