{"cameraMode":{"drawMode":0,"name":"Shaded","section":"Shading Mode"},"sceneLighting":true,"audioPlay":false,"sceneViewState":{"showFog":true,"showMaterialUpdate":false,"showSkybox":true,"showFlares":true,"showImageEffects":true,"showParticleSystems":true},"in2DMode":false,"pivot":{"x":6.5030670166015629,"y":4.255617141723633,"z":16.1066837310791},"rotation":{"x":-0.17868748307228089,"y":-0.06105145439505577,"z":0.011121624149382115,"w":-0.9819648861885071},"size":3.2810919284820558,"orthographic":false}